Date,Close
2014-12-09,76.839996
2014-12-10,76.18
2014-12-11,77.730003
2014-12-12,77.830002
2014-12-15,76.989998
2014-12-16,74.690002
2014-12-17,76.110001
2014-12-18,78.400002
2014-12-19,79.879997
2014-12-22,81.449997
2014-12-23,80.610001
2014-12-24,80.769997
2014-12-26,80.779999
2014-12-29,80.019997
2014-12-30,79.220001
2014-12-31,78.019997
2015-01-02,78.449997
2015-01-05,77.190002
2015-01-06,76.150002
2015-01-07,76.150002
2015-01-08,78.18
2015-01-09,77.739998
2015-01-12,76.720001
2015-01-13,76.449997
2015-01-14,76.279999
2015-01-15,74.050003
2015-01-16,75.18
2015-01-20,76.239998
2015-01-21,76.739998
2015-01-22,77.650002
2015-01-23,77.830002
2015-01-26,77.5
2015-01-27,75.779999
2015-01-28,76.239998
2015-01-29,78
2015-01-30,75.910004
2015-02-02,74.989998
2015-02-03,75.400002
2015-02-04,75.629997
2015-02-05,75.610001
2015-02-06,74.470001
2015-02-09,74.440002
2015-02-10,75.190002
2015-02-11,76.510002
2015-02-12,76.230003
2015-02-13,75.739998
2015-02-17,75.599998
2015-02-18,76.709999
2015-02-19,79.419998
2015-02-20,79.900002
2015-02-23,78.839996
2015-02-24,78.449997
2015-02-25,79.559998
2015-02-26,80.410004
2015-02-27,78.970001
2015-03-02,79.75
2015-03-03,79.599998
2015-03-04,80.900002
2015-03-05,81.209999
2015-03-06,80.010002
2015-03-09,79.440002
2015-03-10,77.550003
2015-03-11,77.57
2015-03-12,78.93
2015-03-13,78.050003
2015-03-16,78.07
2015-03-17,79.360001
2015-03-18,80.910004
2015-03-19,82.75
2015-03-20,83.800003
2015-03-23,84.43
2015-03-24,85.309998
2015-03-25,82.919998
2015-03-26,83.010002
2015-03-27,83.300003
2015-03-30,83.199997
2015-03-31,82.220001
2015-04-01,81.669998
2015-04-02,81.559998
2015-04-06,82.440002
2015-04-07,82.32
2015-04-08,82.279999
2015-04-09,82.169998
2015-04-10,82.040001
2015-04-13,83.010002
2015-04-14,83.519997
2015-04-15,82.709999
2015-04-16,82.309998
2015-04-17,80.779999
2015-04-20,83.089996
2015-04-21,83.620003
2015-04-22,84.629997
2015-04-23,82.410004
2015-04-24,81.529999
2015-04-27,81.910004
2015-04-28,80.68
2015-04-29,80.470001
2015-04-30,78.769997
2015-05-01,78.989998
2015-05-04,78.809998
2015-05-05,77.559998
2015-05-06,78.099998
2015-05-07,78.43
2015-05-08,78.510002
2015-05-11,78.010002
2015-05-12,77.459999
2015-05-13,78.440002
2015-05-14,81.370003
2015-05-15,80.419998
2015-05-18,80.879997
2015-05-19,80.629997
2015-05-20,80.550003
2015-05-21,80.480003
2015-05-22,80.540001
2015-05-26,79.330002
2015-05-27,80.550003
2015-05-28,80.150002
2015-05-29,79.190002
2015-06-01,80.290001
2015-06-02,80.440002
2015-06-03,82.440002
2015-06-04,82.050003
2015-06-05,82.139999
2015-06-08,80.669998
2015-06-09,80.669998
2015-06-10,82.160004
2015-06-11,81.830002
2015-06-12,81.529999
2015-06-15,80.709999
2015-06-16,81.059998
2015-06-17,81.790001
2015-06-18,82.910004
2015-06-19,82.510002
2015-06-22,84.739998
2015-06-23,87.879997
2015-06-24,88.860001
2015-06-25,87.980003
2015-06-26,88.010002
2015-06-29,85.800003
2015-06-30,85.769997
2015-07-01,86.910004
2015-07-02,87.290001
2015-07-06,87.550003
2015-07-07,87.220001
2015-07-08,85.650002
2015-07-09,85.879997
2015-07-10,87.949997
2015-07-13,90.099998
2015-07-14,89.68
2015-07-15,89.760002
2015-07-16,90.849998
2015-07-17,94.970001
2015-07-20,97.910004
2015-07-21,98.389999
2015-07-22,97.040001
2015-07-23,95.440002
2015-07-24,96.949997
2015-07-27,94.169998
2015-07-28,95.290001
2015-07-29,96.989998
2015-07-30,95.209999
2015-07-31,94.010002
2015-08-03,94.139999
2015-08-04,94.059998
2015-08-05,96.440002
2015-08-06,95.120003
2015-08-07,94.300003
2015-08-10,94.150002
2015-08-11,93.620003
2015-08-12,94.190002
2015-08-13,93.43
2015-08-14,94.419998
2015-08-17,93.93
2015-08-18,95.169998
2015-08-19,95.309998
2015-08-20,90.559998
2015-08-21,86.059998
2015-08-24,82.089996
2015-08-25,83
2015-08-26,87.190002
2015-08-27,89.730003
2015-08-28,91.010002
2015-08-31,89.43
2015-09-01,87.230003
2015-09-02,89.889999
2015-09-03,88.150002
2015-09-04,88.260002
2015-09-08,89.529999
2015-09-09,90.440002
2015-09-10,91.980003
2015-09-11,92.050003
2015-09-14,92.309998
2015-09-15,92.900002
2015-09-16,93.449997
2015-09-17,94.339996
2015-09-18,94.400002
2015-09-21,95.550003
2015-09-22,92.959999
2015-09-23,93.970001
2015-09-24,94.410004
2015-09-25,92.769997
2015-09-28,89.209999
2015-09-29,86.669998
2015-09-30,89.900002
2015-10-01,90.949997
2015-10-02,92.07
2015-10-05,94.010002
2015-10-06,92.800003
2015-10-07,92.400002
2015-10-08,92.470001
2015-10-09,93.239998
2015-10-12,94.260002
2015-10-13,94.120003
2015-10-14,94.07
2015-10-15,95.959999
2015-10-16,97.540001
2015-10-19,98.470001
2015-10-20,97
2015-10-21,97.110001
2015-10-22,99.669998
2015-10-23,102.190002
2015-10-26,103.769997
2015-10-27,103.699997
2015-10-28,104.199997
2015-10-29,104.879997
2015-10-30,101.970001
2015-11-02,103.309998
2015-11-03,102.580002
2015-11-04,103.940002
2015-11-05,108.760002
2015-11-06,107.099998
2015-11-09,106.489998
2015-11-10,107.910004
2015-11-11,109.010002
2015-11-12,108.019997
2015-11-13,103.949997
2015-11-16,104.040001
2015-11-17,105.129997
2015-11-18,107.769997
2015-11-19,106.260002
2015-11-20,107.32
2015-11-23,106.949997
2015-11-24,105.739998
2015-11-25,105.410004
2015-11-27,105.449997
2015-11-30,104.239998
2015-12-01,107.120003
2015-12-02,106.07
2015-12-03,104.379997
2015-12-04,106.18
2015-12-07,105.610001
2015-12-08,106.489998
2015-12-09,104.599998
2015-12-10,105.419998
2015-12-11,102.120003
2015-12-14,104.660004
2015-12-15,104.550003
2015-12-16,106.790001
2015-12-17,106.220001
2015-12-18,104.040001
2015-12-21,104.769997
2015-12-22,105.510002
2015-12-23,104.629997
2015-12-24,105.019997
2015-12-28,105.93
2015-12-29,107.260002
2015-12-30,106.220001
2015-12-31,104.660004
2016-01-04,102.220001
2016-01-05,102.730003
2016-01-06,102.970001
2016-01-07,97.919998
2016-01-08,97.330002
2016-01-11,97.510002
2016-01-12,99.370003
2016-01-13,95.440002
2016-01-14,98.370003
2016-01-15,94.970001
2016-01-19,95.260002
2016-01-20,94.349998
2016-01-21,94.160004
2016-01-22,97.940002
2016-01-25,97.010002
2016-01-26,97.339996
2016-01-27,94.449997
2016-01-28,109.110001
2016-01-29,112.209999
2016-02-01,115.089996
2016-02-02,114.610001
2016-02-03,112.690002
2016-02-04,110.489998
2016-02-05,104.07
2016-02-08,99.75
2016-02-09,99.540001
2016-02-10,101
2016-02-11,101.910004
2016-02-12,102.010002
2016-02-16,101.610001
2016-02-17,105.199997
2016-02-18,103.470001
2016-02-19,104.57
2016-02-22,107.160004
2016-02-23,105.459999
2016-02-24,106.879997
2016-02-25,108.07
2016-02-26,107.919998
2016-02-29,106.919998
2016-03-01,109.82
2016-03-02,109.949997
2016-03-03,109.580002
2016-03-04,108.389999
2016-03-07,105.730003
2016-03-08,105.93
2016-03-09,107.510002
2016-03-10,107.32
2016-03-11,109.410004
2016-03-14,109.889999
2016-03-15,110.669998
2016-03-16,112.18
2016-03-17,111.019997
2016-03-18,111.449997
2016-03-21,111.849998
2016-03-22,112.25
2016-03-23,112.540001
2016-03-24,113.050003
2016-03-28,113.690002
2016-03-29,116.139999
2016-03-30,114.699997
2016-03-31,114.099998
2016-04-01,116.059998
2016-04-04,112.550003
2016-04-05,112.220001
2016-04-06,113.709999
2016-04-07,113.639999
2016-04-08,110.629997
2016-04-11,108.989998
2016-04-12,110.610001
2016-04-13,110.510002
2016-04-14,110.839996
2016-04-15,109.639999
2016-04-18,110.449997
2016-04-19,112.290001
2016-04-20,112.419998
2016-04-21,113.440002
2016-04-22,110.559998
2016-04-25,110.099998
2016-04-26,108.760002
2016-04-27,108.889999
2016-04-28,116.730003
2016-04-29,117.580002
2016-05-02,118.57
2016-05-03,117.43
2016-05-04,118.059998
2016-05-05,117.809998
2016-05-06,119.489998
2016-05-09,119.239998
2016-05-10,120.5
2016-05-11,119.519997
2016-05-12,120.279999
2016-05-13,119.809998
2016-05-16,118.669998
2016-05-17,117.349998
2016-05-18,117.650002
2016-05-19,116.809998
2016-05-20,117.349998
2016-05-23,115.970001
2016-05-24,117.699997
2016-05-25,117.889999
2016-05-26,119.470001
2016-05-27,119.379997
2016-05-31,118.809998
2016-06-01,118.779999
2016-06-02,118.93
2016-06-03,118.470001
2016-06-06,118.790001
2016-06-07,117.760002
2016-06-08,118.389999
2016-06-09,118.559998
2016-06-10,116.620003
2016-06-13,113.949997
2016-06-14,114.940002
2016-06-15,114.599998
2016-06-16,114.389999
2016-06-17,113.019997
2016-06-20,113.370003
2016-06-21,114.379997
2016-06-22,113.910004
2016-06-23,115.080002
2016-06-24,112.080002
2016-06-27,108.970001
2016-06-28,112.699997
2016-06-29,114.160004
2016-06-30,114.279999
2016-07-01,114.190002
2016-07-05,114.199997
2016-07-06,116.699997
2016-07-07,115.849998
2016-07-08,117.239998
2016-07-11,117.870003
2016-07-12,117.93
2016-07-13,116.779999
2016-07-14,117.290001
2016-07-15,116.860001
2016-07-18,119.370003
2016-07-19,120.610001
2016-07-20,121.919998
2016-07-21,120.610001
2016-07-22,121
2016-07-25,121.629997
2016-07-26,121.220001
2016-07-27,123.339996
2016-07-28,125
2016-07-29,123.940002
2016-08-01,124.309998
2016-08-02,123.089996
2016-08-03,122.510002
2016-08-04,124.360001
2016-08-05,125.150002
2016-08-08,125.260002
2016-08-09,125.059998
2016-08-10,124.879997
2016-08-11,124.900002
2016-08-12,124.879997
2016-08-15,123.900002
2016-08-16,123.300003
2016-08-17,124.370003
2016-08-18,123.910004
2016-08-19,123.559998
2016-08-22,124.150002
2016-08-23,124.370003
2016-08-24,123.480003
2016-08-25,123.889999
2016-08-26,124.959999
2016-08-29,126.540001
2016-08-30,125.839996
2016-08-31,126.120003
2016-09-01,126.169998
2016-09-02,126.510002
2016-09-06,129.729996
2016-09-07,131.050003
2016-09-08,130.270004
2016-09-09,127.099998
2016-09-12,128.690002
2016-09-13,127.209999
2016-09-14,127.769997
2016-09-15,128.350006
2016-09-16,129.070007
2016-09-19,128.649994
2016-09-20,128.639999
2016-09-21,129.940002
2016-09-22,130.080002
2016-09-23,127.959999
2016-09-26,127.309998
2016-09-27,128.690002
2016-09-28,129.229996
2016-09-29,128.089996
2016-09-30,128.270004
2016-10-03,128.770004
2016-10-04,128.190002
2016-10-05,128.470001
2016-10-06,128.740005
2016-10-07,128.990005
2016-10-10,130.240005
2016-10-11,128.880005
2016-10-12,129.050003
2016-10-13,127.82
2016-10-14,127.879997
2016-10-17,127.540001
2016-10-18,128.570007
2016-10-19,130.110001
2016-10-20,130
2016-10-21,132.070007
2016-10-24,133.279999
2016-10-25,132.289993
2016-10-26,131.039993
2016-10-27,129.690002
2016-10-28,131.289993
2016-10-31,130.990005
2016-11-01,129.5
2016-11-02,127.169998
2016-11-03,120
2016-11-04,120.75
2016-11-07,122.150002
2016-11-08,124.220001
2016-11-09,123.18
2016-11-10,120.800003
2016-11-11,119.019997
2016-11-14,115.080002
2016-11-15,117.199997
2016-11-16,116.339996
2016-11-17,117.790001
2016-11-18,117.019997
2016-11-21,121.769997
2016-11-22,121.470001
2016-11-23,120.839996
2016-11-25,120.379997
2016-11-28,120.410004
2016-11-29,120.870003
2016-11-30,118.419998
2016-12-01,115.099998
2016-12-02,115.400002
2016-12-05,117.43
2016-12-06,117.309998
2016-12-07,117.949997
2016-12-08,118.910004
2016-12-09,119.68
2016-12-12,117.769997
2016-12-13,120.309998
2016-12-14,120.209999
2016-12-15,120.57
2016-12-16,119.870003
2016-12-19,119.239998
2016-12-20,119.089996
2016-12-21,119.040001
2016-12-22,117.400002
2016-12-23,117.269997
2016-12-27,118.010002
2016-12-28,116.919998
2016-12-29,116.349998
2016-12-30,115.050003
2017-01-03,116.860001
2017-01-04,118.690002
2017-01-05,120.669998
2017-01-06,123.410004
2017-01-09,124.900002
2017-01-10,124.349998
2017-01-11,126.089996
2017-01-12,126.620003
2017-01-13,128.339996
2017-01-17,127.870003
2017-01-18,127.919998
2017-01-19,127.550003
2017-01-20,127.040001
2017-01-23,128.929993
2017-01-24,129.369995
2017-01-25,131.479996
2017-01-26,132.779999
2017-01-27,132.179993
2017-01-30,130.979996
2017-01-31,130.320007
2017-02-01,133.229996
2017-02-02,130.839996
2017-02-03,130.979996
2017-02-06,132.059998
2017-02-07,131.839996
2017-02-08,134.199997
2017-02-09,134.139999
2017-02-10,134.190002
2017-02-13,134.050003
2017-02-14,133.850006
2017-02-15,133.440002
2017-02-16,133.839996
2017-02-17,133.529999
2017-02-21,133.720001
2017-02-22,136.119995
2017-02-23,135.360001
2017-02-24,135.440002
2017-02-27,136.410004
2017-02-28,135.539993
2017-03-01,137.419998
2017-03-02,136.759995
2017-03-03,137.169998
2017-03-06,137.419998
2017-03-07,137.300003
2017-03-08,137.720001
2017-03-09,138.240005
2017-03-10,138.789993
2017-03-13,139.600006
2017-03-14,139.320007
2017-03-15,139.720001
2017-03-16,139.990005
2017-03-17,139.839996
2017-03-20,139.940002
2017-03-21,138.509995
2017-03-22,139.589996
2017-03-23,139.529999
2017-03-24,140.339996
2017-03-27,140.320007
2017-03-28,141.759995
2017-03-29,142.649994
2017-03-30,142.410004
2017-03-31,142.050003
2017-04-03,142.279999
2017-04-04,141.729996
2017-04-05,141.850006
2017-04-06,141.169998
2017-04-07,140.779999
2017-04-10,141.039993
2017-04-11,139.919998
2017-04-12,139.580002
2017-04-13,139.389999
2017-04-17,141.419998
2017-04-18,140.960007
2017-04-19,142.270004
2017-04-20,143.800003
2017-04-21,143.679993
2017-04-24,145.470001
2017-04-25,146.490005
2017-04-26,146.559998
2017-04-27,147.699997
2017-04-28,150.25
2017-05-01,152.460007
2017-05-02,152.779999
2017-05-03,151.800003
2017-05-04,150.850006
2017-05-05,150.240005
2017-05-08,151.059998
2017-05-09,150.479996
2017-05-10,150.289993
2017-05-11,150.039993
2017-05-12,150.330002
2017-05-15,150.190002
2017-05-16,149.779999
2017-05-17,144.850006
2017-05-18,147.660004
2017-05-19,148.059998
2017-05-22,148.240005
2017-05-23,148.070007
2017-05-24,150.039993
2017-05-25,151.960007
2017-05-26,152.130005
2017-05-30,152.380005
2017-05-31,151.460007
2017-06-01,151.529999
2017-06-02,153.610001
2017-06-05,153.630005
2017-06-06,152.809998
2017-06-07,153.119995
2017-06-08,154.710007
2017-06-09,149.600006
2017-06-12,148.440002
2017-06-13,150.679993
2017-06-14,150.25
2017-06-15,149.800003
2017-06-16,150.639999
2017-06-19,152.869995
2017-06-20,152.25
2017-06-21,153.910004
2017-06-22,153.399994
2017-06-23,155.070007
2017-06-26,153.589996
2017-06-27,150.580002
2017-06-28,153.240005
2017-06-29,151.039993
2017-06-30,150.979996
2017-07-03,148.429993
2017-07-05,150.339996
2017-07-06,148.820007
2017-07-07,151.440002
2017-07-10,153.5
2017-07-11,155.270004
2017-07-12,158.899994
2017-07-13,159.259995
2017-07-14,159.970001
2017-07-17,159.729996
2017-07-18,162.860001
2017-07-19,164.139999
2017-07-20,164.529999
2017-07-21,164.429993
2017-07-24,166
2017-07-25,165.279999
2017-07-26,165.610001
2017-07-27,170.440002
2017-07-28,172.449997
2017-07-31,169.25
2017-08-01,169.860001
2017-08-02,169.300003
2017-08-03,168.589996
2017-08-04,169.619995
2017-08-07,171.979996
2017-08-08,171.229996
2017-08-09,171.179993
2017-08-10,167.399994
2017-08-11,168.080002
2017-08-14,170.75
2017-08-15,171
2017-08-16,170
2017-08-17,166.910004
2017-08-18,167.410004
2017-08-21,167.779999
2017-08-22,169.639999
2017-08-23,168.710007
2017-08-24,167.740005
2017-08-25,166.320007
2017-08-28,167.240005
2017-08-29,168.050003
2017-08-30,169.919998
2017-08-31,171.970001
2017-09-01,172.020004
2017-09-05,170.720001
2017-09-06,172.089996
2017-09-07,173.210007
2017-09-08,170.949997
2017-09-11,173.509995
2017-09-12,172.960007
2017-09-13,173.050003
2017-09-14,170.960007
2017-09-15,171.639999
2017-09-18,170.009995
2017-09-19,172.520004
2017-09-20,172.169998
2017-09-21,171.110001
2017-09-22,170.539993
2017-09-25,162.869995
2017-09-26,164.210007
2017-09-27,167.679993
2017-09-28,168.729996
2017-09-29,170.869995
2017-10-02,169.470001
2017-10-03,169.960007
2017-10-04,168.419998
2017-10-05,171.240005
2017-10-06,172.229996
2017-10-09,172.5
2017-10-10,171.589996
2017-10-11,172.740005
2017-10-12,172.550003
2017-10-13,173.740005
2017-10-16,174.520004
2017-10-17,176.110001
2017-10-18,176.029999
2017-10-19,174.559998
2017-10-20,174.979996
2017-10-23,171.270004
2017-10-24,171.800003
2017-10-25,170.600006
2017-10-26,170.630005
2017-10-27,177.880005
2017-10-30,179.869995
2017-10-31,180.059998
2017-11-01,182.660004
2017-11-02,178.919998
2017-11-03,178.919998
2017-11-06,180.169998
2017-11-07,180.25
2017-11-08,179.559998
2017-11-09,179.300003
2017-11-10,178.460007
2017-11-13,178.770004
2017-11-14,178.070007
2017-11-15,177.949997
2017-11-16,179.589996
2017-11-17,179
2017-11-20,178.740005
2017-11-21,181.860001
2017-11-22,180.869995
2017-11-24,182.779999
2017-11-27,183.029999
2017-11-28,182.419998
2017-11-29,175.130005
2017-11-30,177.179993
2017-12-01,175.100006
2017-12-04,171.470001
2017-12-05,172.830002
2017-12-06,176.059998
2017-12-07,180.139999
2017-12-08,179
2017-12-11,179.039993
2017-12-12,176.960007
2017-12-13,178.300003
2017-12-14,178.389999
2017-12-15,180.179993
2017-12-18,180.820007
2017-12-19,179.509995
2017-12-20,177.889999
2017-12-21,177.449997
2017-12-22,177.199997
2017-12-26,175.990005
2017-12-27,177.619995
2017-12-28,177.919998
2017-12-29,176.460007
2018-01-02,181.419998
2018-01-03,184.669998
2018-01-04,184.330002
2018-01-05,186.850006
2018-01-08,188.279999
2018-01-09,187.869995
2018-01-10,187.839996
2018-01-11,187.770004
2018-01-12,179.369995
2018-01-16,178.389999
2018-01-17,177.600006
2018-01-18,179.800003
2018-01-19,181.289993
2018-01-22,185.369995
2018-01-23,189.350006
2018-01-24,186.550003
2018-01-25,187.479996
2018-01-26,190
2018-01-29,185.979996
2018-01-30,187.119995
2018-01-31,186.889999
2018-02-01,193.089996
2018-02-02,190.279999
2018-02-05,181.259995
2018-02-06,185.309998
2018-02-07,180.179993
2018-02-08,171.580002
2018-02-09,176.110001
2018-02-12,176.410004
2018-02-13,173.149994
2018-02-14,179.520004
2018-02-15,179.960007
2018-02-16,177.360001
2018-02-20,176.009995
2018-02-21,177.910004
2018-02-22,178.990005
2018-02-23,183.289993
2018-02-26,184.929993
2018-02-27,181.460007
2018-02-28,178.320007
2018-03-01,175.940002
2018-03-02,176.619995
2018-03-05,180.399994
2018-03-06,179.779999
2018-03-07,183.710007
2018-03-08,182.339996
2018-03-09,185.229996
2018-03-12,184.759995
2018-03-13,181.880005
2018-03-14,184.190002
2018-03-15,183.860001
2018-03-16,185.089996
2018-03-19,172.559998
2018-03-20,168.149994
2018-03-21,169.389999
2018-03-22,164.889999
2018-03-23,159.389999
2018-03-26,160.059998
2018-03-27,152.220001
2018-03-28,153.029999
2018-03-29,159.789993
2018-04-02,155.389999
2018-04-03,156.110001
2018-04-04,155.100006
2018-04-05,159.339996
2018-04-06,157.199997
2018-04-09,157.929993
2018-04-10,165.039993
2018-04-11,166.320007
2018-04-12,163.869995
2018-04-13,164.520004
2018-04-16,164.830002
2018-04-17,168.660004
2018-04-18,166.360001
2018-04-19,168.100006
2018-04-20,166.279999
2018-04-23,165.839996
2018-04-24,159.690002
2018-04-25,159.690002
2018-04-26,174.160004
2018-04-27,173.589996
2018-04-30,172
2018-05-01,173.860001
2018-05-02,176.070007
2018-05-03,174.020004
2018-05-04,176.610001
2018-05-07,177.970001
2018-05-08,178.919998
2018-05-09,182.660004
2018-05-10,185.529999
2018-05-11,186.990005
2018-05-14,186.639999
2018-05-15,184.320007
2018-05-16,183.199997
2018-05-17,183.759995
2018-05-18,182.679993
2018-05-21,184.490005
2018-05-22,183.800003
2018-05-23,186.899994
2018-05-24,185.929993
2018-05-25,184.919998
2018-05-29,185.740005
2018-05-30,187.669998
2018-05-31,191.779999
2018-06-01,193.990005
2018-06-04,193.279999
2018-06-05,192.940002
2018-06-06,191.339996
2018-06-07,188.179993
2018-06-08,189.100006
2018-06-11,191.539993
2018-06-12,192.399994
2018-06-13,192.410004
2018-06-14,196.809998
2018-06-15,195.850006
2018-06-18,198.309998
2018-06-19,197.490005
2018-06-20,202
2018-06-21,201.5
2018-06-22,201.740005
2018-06-25,196.350006
2018-06-26,199
2018-06-27,195.839996
2018-06-28,196.229996
2018-06-29,194.320007
2018-07-02,197.360001
2018-07-03,192.729996
2018-07-05,198.449997
2018-07-06,203.229996
2018-07-09,204.740005
2018-07-10,203.539993
2018-07-11,202.539993
2018-07-12,206.919998
2018-07-13,207.320007
2018-07-16,207.229996
2018-07-17,209.990005
2018-07-18,209.360001
2018-07-19,208.089996
2018-07-20,209.940002
2018-07-23,210.910004
2018-07-24,214.669998
2018-07-25,217.5
2018-07-26,176.259995
2018-07-27,174.889999
2018-07-30,171.059998
2018-07-31,172.580002
2018-08-01,171.649994
2018-08-02,176.369995
2018-08-03,177.779999
2018-08-06,185.690002
2018-08-07,183.809998
2018-08-08,185.179993
2018-08-09,183.089996
2018-08-10,180.259995
2018-08-13,180.050003
2018-08-14,181.110001
2018-08-15,179.529999
2018-08-16,174.699997
2018-08-17,173.800003
2018-08-20,172.5
2018-08-21,172.619995
2018-08-22,173.639999
2018-08-23,172.899994
2018-08-24,174.649994
2018-08-27,177.460007
2018-08-28,176.259995
2018-08-29,175.899994
2018-08-30,177.639999
2018-08-31,175.729996
2018-09-04,171.160004
2018-09-05,167.179993
2018-09-06,162.529999
2018-09-07,163.039993
2018-09-10,164.179993
2018-09-11,165.940002
2018-09-12,162
2018-09-13,161.360001
2018-09-14,162.320007
2018-09-17,160.580002
2018-09-18,160.300003
2018-09-19,163.059998
2018-09-20,166.020004
2018-09-21,162.929993
2018-09-24,165.410004
2018-09-25,164.910004
2018-09-26,166.949997
2018-09-27,168.839996
2018-09-28,164.460007
2018-10-01,162.440002
2018-10-02,159.330002
2018-10-03,162.429993
2018-10-04,158.850006
2018-10-05,157.330002
2018-10-08,157.25
2018-10-09,157.899994
2018-10-10,151.380005
2018-10-11,153.350006
2018-10-12,153.740005
2018-10-15,153.520004
2018-10-16,158.779999
2018-10-17,159.419998
2018-10-18,154.919998
2018-10-19,154.050003
2018-10-22,154.779999
2018-10-23,154.389999
2018-10-24,146.039993
2018-10-25,150.949997
2018-10-26,145.369995
2018-10-29,142.089996
2018-10-30,146.220001
2018-10-31,151.789993
2018-11-01,151.75
2018-11-02,150.350006
2018-11-05,148.679993
2018-11-06,149.940002
2018-11-07,151.529999
2018-11-08,147.869995
2018-11-09,144.960007
2018-11-12,141.550003
2018-11-13,142.160004
2018-11-14,144.220001
2018-11-15,143.850006
2018-11-16,139.529999
2018-11-19,131.550003
2018-11-20,132.429993
2018-11-21,134.820007
2018-11-23,131.729996
2018-11-26,136.380005
2018-11-27,135
2018-11-28,136.759995
2018-11-29,138.679993
2018-11-30,140.610001
2018-12-03,141.089996
2018-12-04,137.929993
2018-12-06,139.630005
2018-12-07,137.419998
2018-12-10,141.850006
2018-12-11,142.080002
2018-12-12,144.5
2018-12-13,145.009995
2018-12-14,144.059998
2018-12-17,140.190002
2018-12-18,143.660004
2018-12-19,133.240005
2018-12-20,133.399994
2018-12-21,124.949997
2018-12-24,124.059998
2018-12-26,134.179993
2018-12-27,134.520004
2018-12-28,133.199997
2018-12-31,131.089996
2019-01-02,135.679993
2019-01-03,131.740005
2019-01-04,137.949997
2019-01-07,138.050003
2019-01-08,142.529999
2019-01-09,144.229996
2019-01-10,144.199997
2019-01-11,143.800003
2019-01-14,145.389999
2019-01-15,148.949997
2019-01-16,147.539993
2019-01-17,148.300003
2019-01-18,150.039993
2019-01-22,147.570007
2019-01-23,144.300003
2019-01-24,145.830002
2019-01-25,149.009995
2019-01-28,147.470001
2019-01-29,144.190002
2019-01-30,150.419998
2019-01-31,166.690002
2019-02-01,165.710007
2019-02-04,169.25
2019-02-05,171.160004
2019-02-06,170.490005
2019-02-07,166.380005
2019-02-08,167.330002
2019-02-11,165.789993
2019-02-12,165.039993
2019-02-13,164.070007
2019-02-14,163.949997
2019-02-15,162.5
2019-02-19,162.289993
2019-02-20,162.559998
2019-02-21,160.039993
2019-02-22,161.889999
2019-02-25,164.619995
2019-02-26,164.130005
2019-02-27,162.809998
2019-02-28,161.449997
2019-03-01,162.279999
2019-03-04,167.369995
2019-03-05,171.259995
2019-03-06,172.509995
2019-03-07,169.130005
2019-03-08,169.600006
2019-03-11,172.070007
2019-03-12,171.919998
2019-03-13,173.369995
2019-03-14,170.169998
2019-03-15,165.979996
2019-03-18,160.470001
2019-03-19,161.570007
2019-03-20,165.440002
2019-03-21,166.080002
2019-03-22,164.339996
2019-03-25,166.289993
2019-03-26,167.679993
2019-03-27,165.869995
2019-03-28,165.550003
2019-03-29,166.690002
2019-04-01,168.699997
2019-04-02,174.199997
2019-04-03,173.539993
2019-04-04,176.020004
2019-04-05,175.720001
2019-04-08,174.929993
2019-04-09,177.580002
2019-04-10,177.820007
2019-04-11,177.509995
2019-04-12,179.100006
2019-04-15,179.649994
2019-04-16,178.869995
2019-04-17,178.779999
2019-04-18,178.279999
2019-04-22,181.440002
2019-04-23,183.779999
2019-04-24,182.580002
2019-04-25,193.259995
2019-04-26,191.490005
2019-04-29,194.779999
2019-04-30,193.399994
2019-05-01,193.029999
2019-05-02,192.529999
2019-05-03,195.470001
2019-05-06,193.880005
2019-05-07,189.770004
2019-05-08,189.539993
2019-05-09,188.649994
2019-05-10,188.339996
2019-05-13,181.539993
2019-05-14,180.729996
2019-05-15,186.270004
2019-05-16,186.990005
2019-05-17,185.300003
2019-05-20,182.720001
2019-05-21,184.820007
2019-05-22,185.320007
2019-05-23,180.869995
2019-05-24,181.059998
2019-05-28,184.309998
2019-05-29,182.190002
2019-05-30,183.009995
2019-05-31,177.470001
2019-06-03,164.149994
2019-06-04,167.5
2019-06-05,168.169998
2019-06-06,168.330002
2019-06-07,173.350006
2019-06-10,174.820007
2019-06-11,178.100006
2019-06-12,175.039993
2019-06-13,177.470001
2019-06-14,181.330002
2019-06-17,189.009995
2019-06-18,188.470001
2019-06-19,187.479996
2019-06-20,189.529999
2019-06-21,191.139999
2019-06-24,192.600006
2019-06-25,188.839996
2019-06-26,187.660004
2019-06-27,189.5
2019-06-28,193
2019-07-01,193
2019-07-02,195
2019-07-03,197.199997
2019-07-05,196.399994
2019-07-08,195.759995
2019-07-09,199.210007
2019-07-10,202.729996
2019-07-11,201.229996
2019-07-12,204.869995
2019-07-15,203.910004
2019-07-16,203.839996
2019-07-17,201.800003
2019-07-18,200.779999
2019-07-19,198.360001
2019-07-22,202.320007
2019-07-23,202.360001
2019-07-24,204.660004
2019-07-25,200.710007
2019-07-26,199.75
2019-07-29,195.940002
2019-07-30,197.039993
2019-07-31,194.229996
2019-08-01,192.729996
2019-08-02,189.020004
2019-08-05,181.729996
2019-08-06,184.509995
2019-08-07,185.149994
2019-08-08,190.160004
2019-08-09,187.850006
2019-08-12,185.369995
2019-08-13,188.449997
2019-08-14,179.710007
2019-08-15,182.589996
2019-08-16,183.699997
2019-08-19,186.169998
2019-08-20,183.809998
2019-08-21,183.550003
2019-08-22,182.039993
2019-08-23,177.75
2019-08-26,180.360001
2019-08-27,181.300003
2019-08-28,181.759995
2019-08-29,185.570007
2019-08-30,185.669998
2019-09-03,182.389999
2019-09-04,187.139999
2019-09-05,190.899994
2019-09-06,187.490005
2019-09-09,188.759995
2019-09-10,186.169998
2019-09-11,188.490005
2019-09-12,187.470001
2019-09-13,187.190002
2019-09-16,186.220001
2019-09-17,188.080002
2019-09-18,188.139999
2019-09-19,190.139999
2019-09-20,189.929993
2019-09-23,186.820007
2019-09-24,181.279999
2019-09-25,182.800003
2019-09-26,180.110001
2019-09-27,177.100006
2019-09-30,178.080002
2019-10-01,175.809998